<?xml version='1.0' encoding='utf-8'?>
<resources xmlns:xliff="urn:oasis:names:tc:xliff:document:1.2">
    <string name="track_selection_title">Select tracks</string>
    <string name="unexpected_intent_action">Unexpected intent action: <xliff:g id="action">%1$s</xliff:g></string>
    <string name="error_cleartext_not_permitted">Cleartext traffic not permitted</string>
    <string name="error_generic">Playback failed</string>
    <string name="error_unrecognized_abr_algorithm">Unrecognized ABR algorithm</string>
    <string name="error_unrecognized_stereo_mode">Unrecognized stereo mode</string>
    <string name="error_drm_unsupported_before_api_18">Protected content not supported on API levels below 18</string>
    <string name="error_drm_unsupported_scheme">This device does not support the required DRM scheme</string>
    <string name="error_drm_unknown">An unknown DRM error occurred</string>
    <string name="error_no_decoder">This device does not provide a decoder for <xliff:g id="mime_type">%1$s</xliff:g></string>
    <string name="error_no_secure_decoder">This device does not provide a secure decoder for <xliff:g id="mime_type">%1$s</xliff:g></string>
    <string name="error_querying_decoders">Unable to query device decoders</string>
    <string name="error_instantiating_decoder">Unable to instantiate decoder <xliff:g id="decoder_name">%1$s</xliff:g></string>
    <string name="error_unsupported_video">Media includes video tracks, but none are playable by this device</string>
    <string name="error_unsupported_audio">Media includes audio tracks, but none are playable by this device</string>
    <string name="storage_permission_denied">Permission to access storage was denied</string>
    <string name="sample_list_load_error">One or more sample lists failed to load</string>
    <string name="ima_not_loaded">Playing sample without ads, as the IMA extension was not loaded</string>
    <string name="unsupported_ads_in_concatenation">Playing sample without ads, as ads are not supported in concatenations</string>
    <string name="download_start_error">Failed to start download</string>
    <string name="download_playlist_unsupported">This demo app does not support downloading playlists</string>
    <string name="download_drm_unsupported">This demo app does not support downloading protected content</string>
    <string name="download_scheme_unsupported">This demo app only supports downloading http streams</string>
    <string name="download_live_unsupported">This demo app does not support downloading live content</string>
    <string name="download_ads_unsupported">IMA does not support offline ads</string>
    <string name="prefer_extension_decoders">Prefer extension decoders</string>
    <string name="random_abr">Enable random ABR</string>
    <string name="tunneling">Request multimedia tunneling</string>
    <string name="exo_controls_seek_preview_description">PreviewImage Seeking</string>
    <string name="exo_controls_rate_description">Rate Changing</string>
    <string name="exo_controls_close_description">Close</string>
    <string name="exo_controls_fullscreen_description">Full Screen</string>
</resources>
